<?xml version='1.0' encoding='UTF-8'?>
<faces-config version="2.2"
              xmlns="http://xmlns.jcp.org/xml/ns/javaee"
              xmlns:xsi="http://www.w3.org/2001/XMLSchema-instance"
              xsi:schemaLocation="http://xmlns.jcp.org/xml/ns/javaee http://xmlns.jcp.org/xml/ns/javaee/web-facesconfig_2_2.xsd">

    <name>inventory</name>

    <ordering>
        <after>
            <name>omnifaces</name>
        </after>
    </ordering>

    <application>
        <action-listener>org.primefaces.application.DialogActionListener</action-listener>
        <navigation-handler>org.primefaces.application.DialogNavigationHandler</navigation-handler>
        <view-handler>org.primefaces.application.DialogViewHandler</view-handler>
        <system-event-listener>
            <system-event-listener-class>org.primefaces.extensions.application.PrimeFacesScriptProcessor</system-event-listener-class>
            <system-event-class>javax.faces.event.PostAddToViewEvent</system-event-class>
            <source-class>javax.faces.component.UIViewRoot</source-class>
        </system-event-listener>
        <locale-config>
            <default-locale>in</default-locale>
            <supported-locale>en</supported-locale>
        </locale-config>
        <resource-handler>org.omnifaces.resourcehandler.CombinedResourceHandler</resource-handler>
        <el-resolver>org.primefaces.application.exceptionhandler.PrimeExceptionHandlerELResolver</el-resolver>
        <resource-bundle>
            <base-name>build</base-name>
            <var>build</var>
        </resource-bundle>
    </application>

    <lifecycle>
        <phase-listener>org.primefaces.component.lifecycle.LifecyclePhaseListener</phase-listener>
        <phase-listener>org.primefaces.extensions.application.PrimeFacesResourceProcessor</phase-listener>
    </lifecycle>

    <factory>
        <exception-handler-factory>org.primefaces.application.exceptionhandler.PrimeExceptionHandlerFactory</exception-handler-factory>
        <lifecycle-factory>org.primefaces.clientwindow.PrimeClientWindowLifecycleFactory</lifecycle-factory>
    </factory>

    <render-kit>
        <renderer>
            <component-family>javax.faces.Output</component-family>
            <renderer-type>javax.faces.Head</renderer-type>
            <renderer-class>org.apache.myfaces.renderkit.html.HtmlHeadRenderer</renderer-class>
        </renderer>
    </render-kit>

</faces-config>

